api,apk,kind,origin_or_discovery,op,state,seconds,note
36,after,push,door,add,fg,3.3,
36,after,push,door,add,killed,3.7,
36,after,push,door,tick,bg,4.1,
36,after,push,inapp,add,bg,3.1,
36,after,push,inapp,tick,bg,4.3,
36,after,push,inapp,tick,killed,3.3,
36,after,push,inapp,edit_title,fg,3.5,
36,after,push,inapp,delete,bg,3.3,
36,after,push,share,add,bg,3.6,
36,after,push,tile,add,bg,4.1,
36,after,push,widget,tick,bg,,op failed
36,after,push,notification,tick,bg,4.3,
36,after,recv,open,add,bg,6.1,
36,after,recv,pull,add,fg,7.3,
36,after,recv,widget,add,bg,7.0,
